,created_at,id,id_str,text,truncated,entities,metadata,source,likes,retweets,user
0,2022-10-13 23:59:59+00:00,1580709969468719106,1580709969468719106,tweet.full_text,False,"{'hashtags': [], 'symbols': [], 'user_mentions': [{'screen_name': 'goonshit6358', 'name': 'staymad', 'id': 1488372497233944576, 'id_str': '1488372497233944576', 'indices': [0, 13]}, {'screen_name': 'ToBeyOrNoToBey', 'name': 'Alien Superstar supremacy', 'id': 837301746280062977, 'id_str': '837301746280062977', 'indices': [14, 29]}, {'screen_name': 'Texasstallion84', 'name': 'Half Boujie/Half Ratchet', 'id': 1255623454965055489, 'id_str': '1255623454965055489', 'indices': [30, 46]}, {'screen_name': 'LaVelMann', 'name': 'La‚ÄôVel Mann', 'id': 234060199, 'id_str': '234060199', 'indices': [47, 57]}, {'screen_name': 'TheConsciousLee', 'name': 'Conscious Lee', 'id': 387209768, 'id_str': '387209768', 'indices': [58, 74]}], 'urls': []}","{'iso_language_code': 'en', 'result_type': 'recent'}",Twitter for iPhone,0,0,thenqqpd
1,2022-10-13 23:59:58+00:00,1580709965131821056,1580709965131821056,Weird how JPMorgan Chase closed Kanye West‚Äôs bank account but never Jeffrey Epstein‚Äôs.,False,"{'hashtags': [], 'symbols': [], 'user_mentions': [{'screen_name': 'CollinsforTX', 'name': 'Christian Collins', 'id': 2478913525, 'id_str': '2478913525', 'indices': [3, 16]}], 'urls': []}","{'iso_language_code': 'en', 'result_type': 'recent'}",Twitter for Android,0,9167,Freedom_Is_Gr8
2,2022-10-13 23:59:57+00:00,1580709962850111488,1580709962850111488,So JP Morgan Chase is kicking Kanye out the bank because he angered a group who says that the stereotypes about them controlling banking and industries are simply not true. The irony.,False,"{'hashtags': [], 'symbols': [], 'user_mentions': [{'screen_name': 'BlackSheepAwake', 'name': 'Black Sheep üëÅ', 'id': 3251064618, 'id_str': '3251064618', 'indices': [3, 19]}], 'urls': []}","{'iso_language_code': 'en', 'result_type': 'recent'}",TweetDeck,0,1370,DaZD_
3,2022-10-13 23:59:57+00:00,1580709961499189248,1580709961499189248,I don‚Äôt support Alex Jones or Kanye West but if they can be fined hundreds of millions of dollars and be kicked out of banks for their opinions... what do you think can happen to you?,False,"{'hashtags': [], 'symbols': [], 'user_mentions': [{'screen_name': 'e_galv', 'name': 'Just.A.Thought üí≠', 'id': 1148699804, 'id_str': '1148699804', 'indices': [3, 10]}], 'urls': []}","{'iso_language_code': 'en', 'result_type': 'recent'}",Twitter for iPhone,0,873,DriveMeMild
4,2022-10-13 23:59:56+00:00,1580709956348973057,1580709956348973057,Here is your friendly reminder that JPMorgan closed Kanye West‚Äôs bank account but not Jeffrey Epstein‚Äôs.,False,"{'hashtags': [], 'symbols': [], 'user_mentions': [{'screen_name': 'MsBlaireWhite', 'name': 'BLAIRE WHITE', 'id': 4316769252, 'id_str': '4316769252', 'indices': [3, 17]}], 'urls': []}","{'iso_language_code': 'en', 'result_type': 'recent'}",Twitter for Android,0,6044,NJMadeline
5,2022-10-13 23:59:56+00:00,1580709954952253440,1580709954952253440,@Forbes Yeah I don‚Äôt buy it. Who wouldn‚Äôt have aired that footage? And the media NOW hating on Kanye when‚Äôs he‚Äôs just starting to look like he‚Äôs making political moves that are in the face of ALL current agendas? Lol sure.,False,"{'hashtags': [], 'symbols': [], 'user_mentions': [{'screen_name': 'dmitri_golovin', 'name': 'Dmitri Golovin', 'id': 1348466047855202305, 'id_str': '1348466047855202305', 'indices': [3, 18]}, {'screen_name': 'Forbes', 'name': 'Forbes', 'id': 91478624, 'id_str': '91478624', 'indices': [20, 27]}], 'urls': []}","{'iso_language_code': 'en', 'result_type': 'recent'}",Twitter for iPhone,0,9,dmitri_golovin
6,2022-10-13 23:59:55+00:00,1580709954255978496,1580709954255978496,"JP Morgan banned Kanye West from banking with them for things he said. 

But they did keep Jeffrey Epstein as a client despite being convicted of abusing children. 

ü§°ü§°ü§°",False,"{'hashtags': [], 'symbols': [], 'user_mentions': [{'screen_name': 'PeterSweden7', 'name': 'PeterSweden', 'id': 707231479047315456, 'id_str': '707231479047315456', 'indices': [3, 16]}], 'urls': []}","{'iso_language_code': 'en', 'result_type': 'recent'}",Twitter Web App,0,8094,TroSpace
7,2022-10-13 23:59:55+00:00,1580709950883762177,1580709950883762177,tweet.full_text,False,"{'hashtags': [], 'symbols': [], 'user_mentions': [{'screen_name': 'mustardbagel', 'name': 'aurora ü´í', 'id': 1213199117029007361, 'id_str': '1213199117029007361', 'indices': [0, 13]}], 'urls': []}","{'iso_language_code': 'en', 'result_type': 'recent'}",Twitter Web App,0,0,hell4hella
8,2022-10-13 23:59:52+00:00,1580709941454655488,1580709941454655488,tweet.full_text,False,"{'hashtags': [], 'symbols': [], 'user_mentions': [{'screen_name': 'KyanaSTT365', 'name': 'Kyana Callsüßäüá∫üá≤üá∫üá≤', 'id': 1502295415164649481, 'id_str': '1502295415164649481', 'indices': [0, 12]}], 'urls': []}","{'iso_language_code': 'en', 'result_type': 'recent'}",Twitter Web App,0,0,andre_hickman
9,2022-10-13 23:59:50+00:00,1580709933590667264,1580709933590667264,Weird how JPMorgan Chase closed Kanye West‚Äôs bank account but never Jeffrey Epstein‚Äôs.,False,"{'hashtags': [], 'symbols': [], 'user_mentions': [{'screen_name': 'CollinsforTX', 'name': 'Christian Collins', 'id': 2478913525, 'id_str': '2478913525', 'indices': [3, 16]}], 'urls': []}","{'iso_language_code': 'en', 'result_type': 'recent'}",Twitter for iPhone,0,9167,damkina
10,2022-10-13 23:59:49+00:00,1580709927521513472,1580709927521513472,"JP Morgan kicked Kanye Wast out of their business today for mean words.

They are fining Alex Jones nearly a billion dollars for mean words

PayPal was A B S O L U T E L Y coming for our wallets over mean words and they will absolutely try again.",False,"{'hashtags': [], 'symbols': [], 'user_mentions': [{'screen_name': 'TRHLofficial', 'name': 'The Redheaded libertarian', 'id': 37190937, 'id_str': '37190937', 'indices': [3, 16]}], 'urls': []}","{'iso_language_code': 'en', 'result_type': 'recent'}",Twitter Web App,0,990,redlikeher
11,2022-10-13 23:59:48+00:00,1580709923771777024,1580709923771777024,"While many people assumed JPMorgan Chase Bank cut ties with Kanye West after his recent anti-Semitic attacks, the decision was actually made weeks ago after Ye voiced his displeasure with the bank. https://t.co/CgiQCqu6az",False,"{'hashtags': [], 'symbols': [], 'user_mentions': [{'screen_name': 'TMZ', 'name': 'TMZ', 'id': 16331010, 'id_str': '16331010', 'indices': [3, 7]}], 'urls': []}","{'iso_language_code': 'en', 'result_type': 'recent'}",Twitter for Android,0,122,Abitob
12,2022-10-13 23:59:48+00:00,1580709921251004416,1580709921251004416,Weird how JPMorgan Chase closed Kanye West‚Äôs bank account but never Jeffrey Epstein‚Äôs.,False,"{'hashtags': [], 'symbols': [], 'user_mentions': [{'screen_name': 'CollinsforTX', 'name': 'Christian Collins', 'id': 2478913525, 'id_str': '2478913525', 'indices': [3, 16]}], 'urls': []}","{'iso_language_code': 'en', 'result_type': 'recent'}",Twitter for iPhone,0,9167,wallstvol
13,2022-10-13 23:59:47+00:00,1580709917136015360,1580709917136015360,Weird how JPMorgan Chase closed Kanye West‚Äôs bank account but never Jeffrey Epstein‚Äôs.,False,"{'hashtags': [], 'symbols': [], 'user_mentions': [{'screen_name': 'CollinsforTX', 'name': 'Christian Collins', 'id': 2478913525, 'id_str': '2478913525', 'indices': [3, 16]}], 'urls': []}","{'iso_language_code': 'en', 'result_type': 'recent'}",Twitter for iPhone,0,9167,Sap1972Scott
14,2022-10-13 23:59:46+00:00,1580709915341258753,1580709915341258753,"Monday: PayPal says they will fine people $2,500 for misinformation 

Wednesday: JPMorgan Chase shuts down Kanye West‚Äôs bank account

This is why they want a cashless society. We must reject it now before it‚Äôs too late.",False,"{'hashtags': [], 'symbols': [], 'user_mentions': [{'screen_name': 'EndWokeness', 'name': 'End Wokeness', 'id': 1552795969959636992, 'id_str': '1552795969959636992', 'indices': [3, 15]}], 'urls': []}","{'iso_language_code': 'en', 'result_type': 'recent'}",Twitter for Android,0,3787,mcquaid_mick
15,2022-10-13 23:59:45+00:00,1580709910404222976,1580709910404222976,"""KANYE IS A REBEL""

*meanwhile, Alex Jones beat down and humiliated by the government, tech companies, and laughed at by the masses*

""THIS FRIGGIN GUY IS A ZIONIST SHILL!""",False,"{'hashtags': [], 'symbols': [], 'user_mentions': [{'screen_name': 'monkyclearpill', 'name': 'Lindy Observer', 'id': 1566568917543358472, 'id_str': '1566568917543358472', 'indices': [3, 18]}], 'urls': []}","{'iso_language_code': 'en', 'result_type': 'recent'}",Twitter for Android,0,14,IndolentCoward
16,2022-10-13 23:59:45+00:00,1580709909208788993,1580709909208788993,Stop telling Jewish people to get over what Kanye said and that he‚Äôs mentally ill and not serious. Stop telling Black people his t-shirt was a joke. Antisemitism is real. Anti-Blackness is real. Words matter. Words are what start unwarranted hate towards people.,False,"{'hashtags': [], 'symbols': [], 'user_mentions': [{'screen_name': 'MalyndaHale', 'name': 'Malynda Hale', 'id': 239455587, 'id_str': '239455587', 'indices': [3, 15]}], 'urls': []}","{'iso_language_code': 'en', 'result_type': 'recent'}",Twitter for iPhone,0,19797,stokes_vtcozy
17,2022-10-13 23:59:44+00:00,1580709905383960576,1580709905383960576,"JP Morgan banned Kanye West from banking with them for things he said. 

But they did keep Jeffrey Epstein as a client despite being convicted of abusing children. 

ü§°ü§°ü§°",False,"{'hashtags': [], 'symbols': [], 'user_mentions': [{'screen_name': 'PeterSweden7', 'name': 'PeterSweden', 'id': 707231479047315456, 'id_str': '707231479047315456', 'indices': [3, 16]}], 'urls': []}","{'iso_language_code': 'en', 'result_type': 'recent'}",Twitter Web App,0,8094,JustHanginOn22
18,2022-10-13 23:59:44+00:00,1580709905266135040,1580709905266135040,at least im handling self destruction better than kanye,False,"{'hashtags': [], 'symbols': [], 'user_mentions': [{'screen_name': 'lilowch', 'name': 'owch', 'id': 1240727938649079808, 'id_str': '1240727938649079808', 'indices': [3, 11]}], 'urls': []}","{'iso_language_code': 'en', 'result_type': 'recent'}",Twitter for iPhone,0,6784,lustsickmads
19,2022-10-13 23:59:43+00:00,1580709900811804672,1580709900811804672,Weird how JPMorgan Chase closed Kanye West‚Äôs bank account but never Jeffrey Epstein‚Äôs.,False,"{'hashtags': [], 'symbols': [], 'user_mentions': [{'screen_name': 'CollinsforTX', 'name': 'Christian Collins', 'id': 2478913525, 'id_str': '2478913525', 'indices': [3, 16]}], 'urls': []}","{'iso_language_code': 'en', 'result_type': 'recent'}",Twitter for Android,0,9167,RokkinRoxanne
20,2022-10-13 23:59:42+00:00,1580709899126050817,1580709899126050817,Here is your friendly reminder that JPMorgan closed Kanye West‚Äôs bank account but not Jeffrey Epstein‚Äôs.,False,"{'hashtags': [], 'symbols': [], 'user_mentions': [{'screen_name': 'MsBlaireWhite', 'name': 'BLAIRE WHITE', 'id': 4316769252, 'id_str': '4316769252', 'indices': [3, 17]}], 'urls': []}","{'iso_language_code': 'en', 'result_type': 'recent'}",Twitter for Android,0,6044,connerjcopeland
21,2022-10-13 23:59:42+00:00,1580709898639540225,1580709898639540225,"They got Alex Jones and Kanye the same day.

The warnings signs were there.

Go time is now.

Prepare for Stalin.",False,"{'hashtags': [], 'symbols': [], 'user_mentions': [{'screen_name': 'HotepJesus', 'name': 'Hotep Jesus', 'id': 21822997, 'id_str': '21822997', 'indices': [3, 14]}], 'urls': []}","{'iso_language_code': 'en', 'result_type': 'recent'}",Twitter for iPhone,0,2032,BadGrahmmer
22,2022-10-13 23:59:42+00:00,1580709898412707840,1580709898412707840,Weird how JPMorgan Chase closed Kanye West‚Äôs bank account but never Jeffrey Epstein‚Äôs.,False,"{'hashtags': [], 'symbols': [], 'user_mentions': [{'screen_name': 'CollinsforTX', 'name': 'Christian Collins', 'id': 2478913525, 'id_str': '2478913525', 'indices': [3, 16]}], 'urls': []}","{'iso_language_code': 'en', 'result_type': 'recent'}",Twitter for Android,0,9167,Davidew34852142
23,2022-10-13 23:59:41+00:00,1580709892662661120,1580709892662661120,I don‚Äôt support Alex Jones or Kanye West but if they can be fined hundreds of millions of dollars and be kicked out of banks for their opinions... what do you think can happen to you?,False,"{'hashtags': [], 'symbols': [], 'user_mentions': [{'screen_name': 'e_galv', 'name': 'Just.A.Thought üí≠', 'id': 1148699804, 'id_str': '1148699804', 'indices': [3, 10]}], 'urls': []}","{'iso_language_code': 'en', 'result_type': 'recent'}",Twitter for Android,0,873,PortArthurBoy
24,2022-10-13 23:59:39+00:00,1580709885624594432,1580709885624594432,at least im handling self destruction better than kanye,False,"{'hashtags': [], 'symbols': [], 'user_mentions': [{'screen_name': 'lilowch', 'name': 'owch', 'id': 1240727938649079808, 'id_str': '1240727938649079808', 'indices': [3, 11]}], 'urls': []}","{'iso_language_code': 'en', 'result_type': 'recent'}",Twitter for iPhone,0,6784,FLSOMAE
25,2022-10-13 23:59:39+00:00,1580709884575694848,1580709884575694848,@AhComfy We'll need to pin all our hopes on Kanye. No one else seems to have the guts to fight the (((media.))),False,"{'hashtags': [], 'symbols': [], 'user_mentions': [{'screen_name': 'gamefreepls', 'name': 'Regular Bailbonds', 'id': 4791771138, 'id_str': '4791771138', 'indices': [3, 15]}, {'screen_name': 'AhComfy', 'name': 'CüíÄMFY', 'id': 179129706, 'id_str': '179129706', 'indices': [17, 25]}], 'urls': []}","{'iso_language_code': 'en', 'result_type': 'recent'}",Twitter Web App,0,1,HeraRespecter
26,2022-10-13 23:59:38+00:00,1580709880905678849,1580709880905678849,Kanye finna be the first rapper with Nazi allegations to go platinum,False,"{'hashtags': [], 'symbols': [], 'user_mentions': [{'screen_name': 'excitebikee', 'name': 'CHANOS', 'id': 1009434817870598145, 'id_str': '1009434817870598145', 'indices': [3, 15]}], 'urls': []}","{'iso_language_code': 'en', 'result_type': 'recent'}",Twitter for iPhone,0,6,JohnNotega
27,2022-10-13 23:59:38+00:00,1580709879987437568,1580709879987437568,Weird how JPMorgan Chase closed Kanye West‚Äôs bank account but never Jeffrey Epstein‚Äôs.,False,"{'hashtags': [], 'symbols': [], 'user_mentions': [{'screen_name': 'CollinsforTX', 'name': 'Christian Collins', 'id': 2478913525, 'id_str': '2478913525', 'indices': [3, 16]}], 'urls': []}","{'iso_language_code': 'en', 'result_type': 'recent'}",Twitter for iPhone,0,9167,bikernurse1975
28,2022-10-13 23:59:38+00:00,1580709879467376640,1580709879467376640,tweet.full_text,False,"{'hashtags': [], 'symbols': [], 'user_mentions': [{'screen_name': 'sarahjedmondson', 'name': 'sarah edmondson', 'id': 129726174, 'id_str': '129726174', 'indices': [32, 48]}, {'screen_name': 'alittlebitculty', 'name': 'Sarah and Nippy', 'id': 1365061721702862850, 'id_str': '1365061721702862850', 'indices': [53, 69]}, {'screen_name': 'markvicente', 'name': 'mark vicente', 'id': 14572203, 'id_str': '14572203', 'indices': [81, 93]}, {'screen_name': 'Janja_Lalich', 'name': 'Dr. Janja Lalich', 'id': 321138057, 'id_str': '321138057', 'indices': [100, 113]}], 'urls': [{'url': 'https://t.co/aFm82appV4', 'expanded_url': 'https://youtu.be/xJhq4C1NF-4', 'display_url': 'youtu.be/xJhq4C1NF-4', 'indices': [257, 280]}], 'media': [{'id': 1580709826585313285, 'id_str': '1580709826585313285', 'indices': [281, 304], 'media_url': 'http://pbs.twimg.com/ext_tw_video_thumb/1580709826585313285/pu/img/fsPQV9TAyUJgq22n.jpg', 'media_url_https': 'https://pbs.twimg.com/ext_tw_video_thumb/1580709826585313285/pu/img/fsPQV9TAyUJgq22n.jpg', 'url': 'https://t.co/aVceNKxynL', 'display_url': 'pic.twitter.com/aVceNKxynL', 'expanded_url': 'https://twitter.com/CultVaultPod/status/1580709879467376640/video/1', 'type': 'photo', 'sizes': {'thumb': {'w': 150, 'h': 150, 'resize': 'crop'}, 'medium': {'w': 1200, 'h': 675, 'resize': 'fit'}, 'small': {'w': 680, 'h': 383, 'resize': 'fit'}, 'large': {'w': 1280, 'h': 720, 'resize': 'fit'}}}]}","{'iso_language_code': 'en', 'result_type': 'recent'}",Twitter for iPhone,3,2,CultVaultPod
29,2022-10-13 23:59:36+00:00,1580709873137786880,1580709873137786880,Here is your friendly reminder that JPMorgan closed Kanye West‚Äôs bank account but not Jeffrey Epstein‚Äôs.,False,"{'hashtags': [], 'symbols': [], 'user_mentions': [{'screen_name': 'MsBlaireWhite', 'name': 'BLAIRE WHITE', 'id': 4316769252, 'id_str': '4316769252', 'indices': [3, 17]}], 'urls': []}","{'iso_language_code': 'en', 'result_type': 'recent'}",Twitter for Android,0,6044,KellyBrick8
30,2022-10-13 23:59:36+00:00,1580709872601268226,1580709872601268226,so TMZ edited out kanye praising hitler but aired him saying slavery was a choice? also typing out this exact sentence has my brain frazzled,False,"{'hashtags': [], 'symbols': [], 'user_mentions': [{'screen_name': 'DijahSB', 'name': 'dij', 'id': 229326938, 'id_str': '229326938', 'indices': [3, 11]}], 'urls': []}","{'iso_language_code': 'en', 'result_type': 'recent'}",Twitter for Android,0,183,cruzsteelski
31,2022-10-13 23:59:35+00:00,1580709868989976576,1580709868989976576,Weird how JPMorgan Chase closed Kanye West‚Äôs bank account but never Jeffrey Epstein‚Äôs.,False,"{'hashtags': [], 'symbols': [], 'user_mentions': [{'screen_name': 'CollinsforTX', 'name': 'Christian Collins', 'id': 2478913525, 'id_str': '2478913525', 'indices': [3, 16]}], 'urls': []}","{'iso_language_code': 'en', 'result_type': 'recent'}",Twitter for iPhone,0,9167,patrone_richard
32,2022-10-13 23:59:33+00:00,1580709859552415744,1580709859552415744,tweet.full_text,False,"{'hashtags': [], 'symbols': [], 'user_mentions': [{'screen_name': 'Elf_Kewchie', 'name': 'hoochie hashiraüî•', 'id': 1575235350447915022, 'id_str': '1575235350447915022', 'indices': [0, 12]}, {'screen_name': 'such_A_frknlady', 'name': 'blaque skellington', 'id': 1387755677225979908, 'id_str': '1387755677225979908', 'indices': [13, 29]}], 'urls': []}","{'iso_language_code': 'en', 'result_type': 'recent'}",Twitter for Android,1,0,Boombearjr
33,2022-10-13 23:59:33+00:00,1580709858747502592,1580709858747502592,tweet.full_text,False,"{'hashtags': [{'text': 'whitelivesmatter', 'indices': [20, 37]}, {'text': 'BLM', 'indices': [59, 63]}, {'text': 'WLM', 'indices': [100, 104]}], 'symbols': [], 'user_mentions': [], 'urls': [{'url': 'https://t.co/9DxRW9A9fb', 'expanded_url': 'https://www.tmz.com/2022/10/12/kanye-jp-morgan-chase-end-banking-relationship-yeezy-candace-owens/', 'display_url': 'tmz.com/2022/10/12/kan‚Ä¶', 'indices': [106, 129]}]}","{'iso_language_code': 'en', 'result_type': 'recent'}",Twitter for Android,1,0,OUKnowWho
34,2022-10-13 23:59:32+00:00,1580709857040412673,1580709857040412673,"Serious Q: Do you agree with Candace‚Äôs defense of Kanye‚Äôs comments?

Serious A: I disagree with a lot of it. 

Serious Q: Why did DW allow her to say it and invite him to her premiere?

Serious A: Allow? We aren‚Äôt in the business of telling our hosts what to think, say, or do.",False,"{'hashtags': [], 'symbols': [], 'user_mentions': [{'screen_name': 'JeremyDBoreing', 'name': 'Jeremy Boreing', 'id': 70174349, 'id_str': '70174349', 'indices': [3, 18]}], 'urls': []}","{'iso_language_code': 'en', 'result_type': 'recent'}",Twitter Web App,0,149,RaptorPm1
35,2022-10-13 23:59:29+00:00,1580709844008386560,1580709844008386560,Weird how JPMorgan Chase closed Kanye West‚Äôs bank account but never Jeffrey Epstein‚Äôs.,False,"{'hashtags': [], 'symbols': [], 'user_mentions': [{'screen_name': 'CollinsforTX', 'name': 'Christian Collins', 'id': 2478913525, 'id_str': '2478913525', 'indices': [3, 16]}], 'urls': []}","{'iso_language_code': 'en', 'result_type': 'recent'}",Twitter for iPad,0,9167,SamStep30208022
36,2022-10-13 23:59:29+00:00,1580709843379580929,1580709843379580929,tweet.full_text,False,"{'hashtags': [], 'symbols': [], 'user_mentions': [], 'urls': [{'url': 'https://t.co/LEyTdBhZ8d', 'expanded_url': 'https://twitter.com/lamerflamer/status/1580584871378194433', 'display_url': 'twitter.com/lamerflamer/st‚Ä¶', 'indices': [133, 156]}]}","{'iso_language_code': 'en', 'result_type': 'recent'}",Twitter for iPhone,1,0,goonlork
37,2022-10-13 23:59:28+00:00,1580709839931465730,1580709839931465730,"JP Morgan kicked Kanye Wast out of their business today for mean words.

They are fining Alex Jones nearly a billion dollars for mean words

PayPal was A B S O L U T E L Y coming for our wallets over mean words and they will absolutely try again.",False,"{'hashtags': [], 'symbols': [], 'user_mentions': [{'screen_name': 'TRHLofficial', 'name': 'The Redheaded libertarian', 'id': 37190937, 'id_str': '37190937', 'indices': [3, 16]}], 'urls': []}","{'iso_language_code': 'en', 'result_type': 'recent'}",Twitter for Android,0,990,yneemee1958
38,2022-10-13 23:59:28+00:00,1580709838128304128,1580709838128304128,Weird how JPMorgan Chase closed Kanye West‚Äôs bank account but never Jeffrey Epstein‚Äôs.,False,"{'hashtags': [], 'symbols': [], 'user_mentions': [{'screen_name': 'CollinsforTX', 'name': 'Christian Collins', 'id': 2478913525, 'id_str': '2478913525', 'indices': [3, 16]}], 'urls': []}","{'iso_language_code': 'en', 'result_type': 'recent'}",Twitter Web App,0,9167,TedNels45721670
39,2022-10-13 23:59:27+00:00,1580709833464254465,1580709833464254465,Weird how JPMorgan Chase closed Kanye West‚Äôs bank account but never Jeffrey Epstein‚Äôs.,False,"{'hashtags': [], 'symbols': [], 'user_mentions': [{'screen_name': 'CollinsforTX', 'name': 'Christian Collins', 'id': 2478913525, 'id_str': '2478913525', 'indices': [3, 16]}], 'urls': []}","{'iso_language_code': 'en', 'result_type': 'recent'}",Twitter for Android,0,9167,kumar69781989
40,2022-10-13 23:59:25+00:00,1580709828204195840,1580709828204195840,"JP Morgan owned slaves, had a ship seized with 16.5 tons of cocaine, backed fraudster Bernie Madoff, conspired with child sex trafficker Jeffrey Epstein &amp; just canceled Kanye West. The bank is giving West until Nov 21 to remove his funds from their bank.
#KanyeWest #JPMorgan https://t.co/1UuXF5e7dg",False,"{'hashtags': [], 'symbols': [], 'user_mentions': [{'screen_name': 'KirbySommers', 'name': 'Kirby Sommers: Author, Historian, True Crime', 'id': 1148299215963115520, 'id_str': '1148299215963115520', 'indices': [3, 16]}], 'urls': []}","{'iso_language_code': 'en', 'result_type': 'recent'}",Twitter Web App,0,113,haiku4theverbos
41,2022-10-13 23:59:25+00:00,1580709827319255040,1580709827319255040,Kanye West &amp; James O‚ÄôKeefe üëÄ https://t.co/68zPSjei5p,False,"{'hashtags': [], 'symbols': [], 'user_mentions': [{'screen_name': 'bennyjohnson', 'name': 'Benny Johnson', 'id': 15212187, 'id_str': '15212187', 'indices': [3, 16]}], 'urls': [], 'media': [{'id': 1580405370710888448, 'id_str': '1580405370710888448', 'indices': [51, 74], 'media_url': 'http://pbs.twimg.com/media/Fe66T7JXkAAGGGN.jpg', 'media_url_https': 'https://pbs.twimg.com/media/Fe66T7JXkAAGGGN.jpg', 'url': 'https://t.co/68zPSjei5p', 'display_url': 'pic.twitter.com/68zPSjei5p', 'expanded_url': 'https://twitter.com/bennyjohnson/status/1580405373202096129/photo/1', 'type': 'photo', 'sizes': {'thumb': {'w': 150, 'h': 150, 'resize': 'crop'}, 'small': {'w': 616, 'h': 680, 'resize': 'fit'}, 'large': {'w': 750, 'h': 828, 'resize': 'fit'}, 'medium': {'w': 750, 'h': 828, 'resize': 'fit'}}, 'source_status_id': 1580405373202096129, 'source_status_id_str': '1580405373202096129', 'source_user_id': 15212187, 'source_user_id_str': '15212187'}]}","{'iso_language_code': 'en', 'result_type': 'recent'}",Twitter for Android,0,765,BlackLion010101
42,2022-10-13 23:59:24+00:00,1580709822911029248,1580709822911029248,tweet.full_text,False,"{'hashtags': [], 'symbols': [], 'user_mentions': [], 'urls': [{'url': 'https://t.co/ra0QPSOvJ2', 'expanded_url': 'https://twitter.com/blacksheepawake/status/1580333983333683200', 'display_url': 'twitter.com/blacksheepawak‚Ä¶', 'indices': [35, 58]}]}","{'iso_language_code': 'en', 'result_type': 'recent'}",Twitter for iPhone,2,3,thatboiRyanRyan
43,2022-10-13 23:59:22+00:00,1580709815512227840,1580709815512227840,Just because you start a business and have money doesn't mean you're smart. Exhibit A and B: Elon and Kanye.,False,"{'hashtags': [], 'symbols': [], 'user_mentions': [{'screen_name': 'HaroldsBro', 'name': 'Chris‚ù§‚úåüèæ‚úäüèø', 'id': 1160668060614717440, 'id_str': '1160668060614717440', 'indices': [3, 14]}], 'urls': []}","{'iso_language_code': 'en', 'result_type': 'recent'}",Twitter for iPad,0,23,calcara_tina
44,2022-10-13 23:59:22+00:00,1580709813394104322,1580709813394104322,tweet.full_text,False,"{'hashtags': [], 'symbols': [], 'user_mentions': [], 'urls': []}","{'iso_language_code': 'en', 'result_type': 'recent'}",Twitter for iPad,3,1,europesperance
45,2022-10-13 23:59:21+00:00,1580709808742596609,1580709808742596609,"JP Morgan banned Kanye West from banking with them for things he said. 

But they did keep Jeffrey Epstein as a client despite being convicted of abusing children. 

ü§°ü§°ü§°",False,"{'hashtags': [], 'symbols': [], 'user_mentions': [{'screen_name': 'PeterSweden7', 'name': 'PeterSweden', 'id': 707231479047315456, 'id_str': '707231479047315456', 'indices': [3, 16]}], 'urls': []}","{'iso_language_code': 'en', 'result_type': 'recent'}",Twitter for iPhone,0,8094,edmonddantez99
46,2022-10-13 23:59:21+00:00,1580709807958261760,1580709807958261760,tweet.full_text,False,"{'hashtags': [], 'symbols': [], 'user_mentions': [{'screen_name': 'YouTube', 'name': 'YouTube', 'id': 10228272, 'id_str': '10228272', 'indices': [69, 77]}], 'urls': [{'url': 'https://t.co/p6EdsvCBhx', 'expanded_url': 'https://youtu.be/WibQR0tQ0P8', 'display_url': 'youtu.be/WibQR0tQ0P8', 'indices': [41, 64]}]}","{'iso_language_code': 'en', 'result_type': 'recent'}",Twitter for iPhone,0,0,Santiago1stMan
47,2022-10-13 23:59:17+00:00,1580709793043714049,1580709793043714049,Weird how JPMorgan Chase closed Kanye West‚Äôs bank account but never Jeffrey Epstein‚Äôs.,False,"{'hashtags': [], 'symbols': [], 'user_mentions': [{'screen_name': 'CollinsforTX', 'name': 'Christian Collins', 'id': 2478913525, 'id_str': '2478913525', 'indices': [3, 16]}], 'urls': []}","{'iso_language_code': 'en', 'result_type': 'recent'}",Twitter for Android,0,9167,AMERICA_FlRST
48,2022-10-13 23:59:17+00:00,1580709793001791490,1580709793001791490,tweet.full_text,False,"{'hashtags': [], 'symbols': [], 'user_mentions': [{'screen_name': 'CollinsforTX', 'name': 'Christian Collins', 'id': 2478913525, 'id_str': '2478913525', 'indices': [0, 13]}], 'urls': []}","{'iso_language_code': 'en', 'result_type': 'recent'}",Twitter for iPhone,1,0,proud_woke_lady
49,2022-10-13 23:59:17+00:00,1580709792200286209,1580709792200286209,Weird how JPMorgan Chase closed Kanye West‚Äôs bank account but never Jeffrey Epstein‚Äôs.,False,"{'hashtags': [], 'symbols': [], 'user_mentions': [{'screen_name': 'CollinsforTX', 'name': 'Christian Collins', 'id': 2478913525, 'id_str': '2478913525', 'indices': [3, 16]}], 'urls': []}","{'iso_language_code': 'en', 'result_type': 'recent'}",Twitter Web App,0,9167,BetsysUSofA1776
50,2022-10-13 23:59:13+00:00,1580709775188164608,1580709775188164608,"Kanye just had his bank accounts terminated by JP Morgan because he said he was pro life

Let that sink in",False,"{'hashtags': [], 'symbols': [], 'user_mentions': [{'screen_name': '1MarkMoss', 'name': 'Mark Moss', 'id': 961026235122958336, 'id_str': '961026235122958336', 'indices': [3, 13]}], 'urls': []}","{'iso_language_code': 'en', 'result_type': 'recent'}",Twitter for iPhone,0,1071,miguel92996
51,2022-10-13 23:59:09+00:00,1580709760537886721,1580709760537886721,i like some of the kanye songs. what the fuck does he know about judaism?,False,"{'hashtags': [], 'symbols': [], 'user_mentions': [{'screen_name': 'matzahluvr', 'name': 'wynnie', 'id': 535892281, 'id_str': '535892281', 'indices': [3, 14]}], 'urls': []}","{'iso_language_code': 'en', 'result_type': 'recent'}",Twitter for Android,0,2,NalgeneBoy
52,2022-10-13 23:59:08+00:00,1580709753927262208,1580709753927262208,tweet.full_text,False,"{'hashtags': [], 'symbols': [], 'user_mentions': [], 'urls': [], 'media': [{'id': 1580709736621785088, 'id_str': '1580709736621785088', 'indices': [33, 56], 'media_url': 'http://pbs.twimg.com/media/Fe_PIWhXwAAklwA.jpg', 'media_url_https': 'https://pbs.twimg.com/media/Fe_PIWhXwAAklwA.jpg', 'url': 'https://t.co/iq38uwl4Dz', 'display_url': 'pic.twitter.com/iq38uwl4Dz', 'expanded_url': 'https://twitter.com/punisheddeat/status/1580709753927262208/photo/1', 'type': 'photo', 'sizes': {'thumb': {'w': 150, 'h': 150, 'resize': 'crop'}, 'small': {'w': 680, 'h': 383, 'resize': 'fit'}, 'large': {'w': 2048, 'h': 1152, 'resize': 'fit'}, 'medium': {'w': 1200, 'h': 675, 'resize': 'fit'}}}]}","{'iso_language_code': 'en', 'result_type': 'recent'}",Twitter for iPhone,2,0,punisheddeat
53,2022-10-13 23:59:07+00:00,1580709750819344384,1580709750819344384,tweet.full_text,False,"{'hashtags': [], 'symbols': [], 'user_mentions': [{'screen_name': 'thewallabechamp', 'name': 'TheWallabeeChampüèÜ', 'id': 1459991466294624256, 'id_str': '1459991466294624256', 'indices': [0, 16]}], 'urls': []}","{'iso_language_code': 'en', 'result_type': 'recent'}",Twitter Web App,1,0,lobbingg
54,2022-10-13 23:59:07+00:00,1580709750274392064,1580709750274392064,Weird how JPMorgan Chase closed Kanye West‚Äôs bank account but never Jeffrey Epstein‚Äôs.,False,"{'hashtags': [], 'symbols': [], 'user_mentions': [{'screen_name': 'CollinsforTX', 'name': 'Christian Collins', 'id': 2478913525, 'id_str': '2478913525', 'indices': [3, 16]}], 'urls': []}","{'iso_language_code': 'en', 'result_type': 'recent'}",Twitter Web App,0,9167,haiku4theverbos
55,2022-10-13 23:59:06+00:00,1580709747660947456,1580709747660947456,tweet.full_text,False,"{'hashtags': [], 'symbols': [], 'user_mentions': [{'screen_name': 'bennyjohnson', 'name': 'Benny Johnson', 'id': 15212187, 'id_str': '15212187', 'indices': [0, 13]}], 'urls': []}","{'iso_language_code': 'en', 'result_type': 'recent'}",Twitter for Android,0,0,alexplainl8er
56,2022-10-13 23:59:05+00:00,1580709744721166337,1580709744721166337,Here is your friendly reminder that JPMorgan closed Kanye West‚Äôs bank account but not Jeffrey Epstein‚Äôs.,False,"{'hashtags': [], 'symbols': [], 'user_mentions': [{'screen_name': 'MsBlaireWhite', 'name': 'BLAIRE WHITE', 'id': 4316769252, 'id_str': '4316769252', 'indices': [3, 17]}], 'urls': []}","{'iso_language_code': 'en', 'result_type': 'recent'}",Twitter Web App,0,6044,Organicfarmer14
57,2022-10-13 23:59:05+00:00,1580709743902937088,1580709743902937088,tweet.full_text,False,"{'hashtags': [], 'symbols': [], 'user_mentions': [], 'urls': [{'url': 'https://t.co/PmhHKQV6uq', 'expanded_url': 'https://rumble.com/v1ntu3g-10.13.22-public-awakening-forces-accountability-amazing-delta-tulsi-info-ka.html', 'display_url': 'rumble.com/v1ntu3g-10.13.‚Ä¶', 'indices': [164, 187]}]}","{'iso_language_code': 'en', 'result_type': 'recent'}",Twitter for Android,0,0,JenLynMar4Jesus
58,2022-10-13 23:59:02+00:00,1580709730007142400,1580709730007142400,Here is your friendly reminder that JPMorgan closed Kanye West‚Äôs bank account but not Jeffrey Epstein‚Äôs.,False,"{'hashtags': [], 'symbols': [], 'user_mentions': [{'screen_name': 'MsBlaireWhite', 'name': 'BLAIRE WHITE', 'id': 4316769252, 'id_str': '4316769252', 'indices': [3, 17]}], 'urls': []}","{'iso_language_code': 'en', 'result_type': 'recent'}",Twitter for Android,0,6044,vickie_lock
59,2022-10-13 23:59:01+00:00,1580709726505299968,1580709726505299968,First JP Morgan Chase cancelled Kanye West‚Ä¶ now the Bank of America has cancelled @catturd2's bank account for his podcast‚Ä¶ In case anyone doesn't know what fascism actually is this would be it !! #BankOfAmericaIsCommieTrash #FightBack  #canceljpmorgan #cancelbankofamerica https://t.co/F7P2MKhdKe,False,"{'hashtags': [], 'symbols': [], 'user_mentions': [{'screen_name': 'ShotGun_Bonnie', 'name': 'ShotGunBonnie', 'id': 1205514161003720704, 'id_str': '1205514161003720704', 'indices': [3, 18]}, {'screen_name': 'catturd2', 'name': 'Catturd ‚Ñ¢', 'id': 1043185714437992449, 'id_str': '1043185714437992449', 'indices': [102, 111]}], 'urls': []}","{'iso_language_code': 'en', 'result_type': 'recent'}",Twitter for iPad,0,98,DebbieR91335471
60,2022-10-13 23:58:58+00:00,1580709714832560128,1580709714832560128,tweet.full_text,False,"{'hashtags': [], 'symbols': [], 'user_mentions': [], 'urls': []}","{'iso_language_code': 'en', 'result_type': 'recent'}",Twitter Web App,6,2,rudestmadam
61,2022-10-13 23:58:58+00:00,1580709711594520576,1580709711594520576,I spoke to people with bipolar disorder about what it's like to have the mental health condition brought up and mischaracterized every time Kanye West creates a new controversy. https://t.co/ebrGmd6QJ0,False,"{'hashtags': [], 'symbols': [], 'user_mentions': [{'screen_name': 'brittanylwong', 'name': 'Brittany Wong', 'id': 144441522, 'id_str': '144441522', 'indices': [3, 17]}], 'urls': []}","{'iso_language_code': 'en', 'result_type': 'recent'}",Twitter for iPhone,0,222,J_Cottrell
62,2022-10-13 23:58:57+00:00,1580709709577080832,1580709709577080832,Weird how JPMorgan Chase closed Kanye West‚Äôs bank account but never Jeffrey Epstein‚Äôs.,False,"{'hashtags': [], 'symbols': [], 'user_mentions': [{'screen_name': 'CollinsforTX', 'name': 'Christian Collins', 'id': 2478913525, 'id_str': '2478913525', 'indices': [3, 16]}], 'urls': []}","{'iso_language_code': 'en', 'result_type': 'recent'}",Twitter for iPhone,0,9167,DJKINGKAUSO
63,2022-10-13 23:58:55+00:00,1580709702203162624,1580709702203162624,tweet.full_text,False,"{'hashtags': [{'text': 'jpmorgan', 'indices': [14, 23]}, {'text': 'Kanye', 'indices': [31, 37]}, {'text': 'Epstein', 'indices': [57, 65]}], 'symbols': [], 'user_mentions': [], 'urls': []}","{'iso_language_code': 'en', 'result_type': 'recent'}",Twitter for Android,0,0,Iuliamynameis
64,2022-10-13 23:58:54+00:00,1580709696440532992,1580709696440532992,When she asks can she hold it while you pee https://t.co/ONuGjn16He,False,"{'hashtags': [], 'symbols': [], 'user_mentions': [{'screen_name': 'BornAKang', 'name': 'Lance üá±üá®', 'id': 2544501210, 'id_str': '2544501210', 'indices': [3, 13]}], 'urls': [], 'media': [{'id': 1580583056221650946, 'id_str': '1580583056221650946', 'indices': [59, 82], 'media_url': 'http://pbs.twimg.com/media/Fe9b6lQXwAIk_oe.jpg', 'media_url_https': 'https://pbs.twimg.com/media/Fe9b6lQXwAIk_oe.jpg', 'url': 'https://t.co/ONuGjn16He', 'display_url': 'pic.twitter.com/ONuGjn16He', 'expanded_url': 'https://twitter.com/BornAKang/status/1580583058092482560/photo/1', 'type': 'photo', 'sizes': {'thumb': {'w': 150, 'h': 150, 'resize': 'crop'}, 'small': {'w': 598, 'h': 594, 'resize': 'fit'}, 'medium': {'w': 598, 'h': 594, 'resize': 'fit'}, 'large': {'w': 598, 'h': 594, 'resize': 'fit'}}, 'source_status_id': 1580583058092482560, 'source_status_id_str': '1580583058092482560', 'source_user_id': 2544501210, 'source_user_id_str': '2544501210'}]}","{'iso_language_code': 'en', 'result_type': 'recent'}",Twitter for iPhone,0,11856,Kanye_Weast_69
65,2022-10-13 23:58:53+00:00,1580709694514921472,1580709694514921472,Weird how JPMorgan Chase closed Kanye West‚Äôs bank account but never Jeffrey Epstein‚Äôs.,False,"{'hashtags': [], 'symbols': [], 'user_mentions': [{'screen_name': 'CollinsforTX', 'name': 'Christian Collins', 'id': 2478913525, 'id_str': '2478913525', 'indices': [3, 16]}], 'urls': []}","{'iso_language_code': 'en', 'result_type': 'recent'}",Twitter for iPhone,0,9167,will71366374
66,2022-10-13 23:58:53+00:00,1580709693521276928,1580709693521276928,BREAKING: Roblox Has BANNED Kanye West From Their Website After Recent Tweets! Thoughts? https://t.co/K2fcUTVQNM,False,"{'hashtags': [], 'symbols': [], 'user_mentions': [{'screen_name': 'Rolbox_RTC', 'name': 'RTC', 'id': 1408677557411717121, 'id_str': '1408677557411717121', 'indices': [3, 14]}], 'urls': [], 'media': [{'id': 1580444668642398208, 'id_str': '1580444668642398208', 'indices': [105, 128], 'media_url': 'http://pbs.twimg.com/media/Fe7eDXWXEAAROhk.jpg', 'media_url_https': 'https://pbs.twimg.com/media/Fe7eDXWXEAAROhk.jpg', 'url': 'https://t.co/K2fcUTVQNM', 'display_url': 'pic.twitter.com/K2fcUTVQNM', 'expanded_url': 'https://twitter.com/Rolbox_RTC/status/1580444672643960832/photo/1', 'type': 'photo', 'sizes': {'thumb': {'w': 150, 'h': 150, 'resize': 'crop'}, 'medium': {'w': 730, 'h': 742, 'resize': 'fit'}, 'large': {'w': 730, 'h': 742, 'resize': 'fit'}, 'small': {'w': 669, 'h': 680, 'resize': 'fit'}}, 'source_status_id': 1580444672643960832, 'source_status_id_str': '1580444672643960832', 'source_user_id': 1408677557411717121, 'source_user_id_str': '1408677557411717121'}]}","{'iso_language_code': 'en', 'result_type': 'recent'}",Twitter for iPad,0,188,AndrewQuito4
67,2022-10-13 23:58:53+00:00,1580709691281199105,1580709691281199105,Weird how JPMorgan Chase closed Kanye West‚Äôs bank account but never Jeffrey Epstein‚Äôs.,False,"{'hashtags': [], 'symbols': [], 'user_mentions': [{'screen_name': 'CollinsforTX', 'name': 'Christian Collins', 'id': 2478913525, 'id_str': '2478913525', 'indices': [3, 16]}], 'urls': []}","{'iso_language_code': 'en', 'result_type': 'recent'}",Twitter Web App,0,9167,BarrettZlh
68,2022-10-13 23:58:52+00:00,1580709688920150018,1580709688920150018,Kanye West to release new remix of his 2010 hit 'Power' now featuring the entirety of the KKK. 'White Power' as the track has been baptized will be available on platforms next Friday,False,"{'hashtags': [], 'symbols': [], 'user_mentions': [{'screen_name': 'DogWearingSocks', 'name': 'Peter!! - Comms. OPEN (0/3)', 'id': 1443513945420148743, 'id_str': '1443513945420148743', 'indices': [3, 19]}], 'urls': []}","{'iso_language_code': 'en', 'result_type': 'recent'}",Twitter for Android,0,1,Vdal737
69,2022-10-13 23:58:52+00:00,1580709688198410241,1580709688198410241,"Nike Air Yeezy 2 ""Red October"" shoes by Kanye West in Ichigo's bedroom https://t.co/VQMozGxNY3",False,"{'hashtags': [], 'symbols': [], 'user_mentions': [{'screen_name': 'ComfortIchiRuki', 'name': 'üí≠', 'id': 1484897872432799746, 'id_str': '1484897872432799746', 'indices': [3, 19]}], 'urls': [], 'media': [{'id': 1580529335630499840, 'id_str': '1580529335630499840', 'indices': [92, 115], 'media_url': 'http://pbs.twimg.com/media/Fe8rDodXEAAERH8.jpg', 'media_url_https': 'https://pbs.twimg.com/media/Fe8rDodXEAAERH8.jpg', 'url': 'https://t.co/VQMozGxNY3', 'display_url': 'pic.twitter.com/VQMozGxNY3', 'expanded_url': 'https://twitter.com/ComfortIchiRuki/status/1580530146838081537/photo/1', 'type': 'photo', 'sizes': {'thumb': {'w': 150, 'h': 150, 'resize': 'crop'}, 'large': {'w': 720, 'h': 909, 'resize': 'fit'}, 'medium': {'w': 720, 'h': 909, 'resize': 'fit'}, 'small': {'w': 539, 'h': 680, 'resize': 'fit'}}, 'source_status_id': 1580530146838081537, 'source_status_id_str': '1580530146838081537', 'source_user_id': 1484897872432799746, 'source_user_id_str': '1484897872432799746'}]}","{'iso_language_code': 'en', 'result_type': 'recent'}",Twitter for iPhone,0,226,LimiTT2K22
70,2022-10-13 23:58:50+00:00,1580709681424928768,1580709681424928768,"Monday: PayPal says they will fine people $2,500 for misinformation 

Wednesday: JPMorgan Chase shuts down Kanye West‚Äôs bank account

This is why they want a cashless society. We must reject it now before it‚Äôs too late.",False,"{'hashtags': [], 'symbols': [], 'user_mentions': [{'screen_name': 'EndWokeness', 'name': 'End Wokeness', 'id': 1552795969959636992, 'id_str': '1552795969959636992', 'indices': [3, 15]}], 'urls': []}","{'iso_language_code': 'en', 'result_type': 'recent'}",Twitter for iPhone,0,3787,coachheid
71,2022-10-13 23:58:50+00:00,1580709680937984000,1580709680937984000,"JP Morgan banned Kanye West from banking with them for things he said. 

But they did keep Jeffrey Epstein as a client despite being convicted of abusing children. 

ü§°ü§°ü§°",False,"{'hashtags': [], 'symbols': [], 'user_mentions': [{'screen_name': 'PeterSweden7', 'name': 'PeterSweden', 'id': 707231479047315456, 'id_str': '707231479047315456', 'indices': [3, 16]}], 'urls': []}","{'iso_language_code': 'en', 'result_type': 'recent'}",Twitter for iPhone,0,8094,drsharnael
72,2022-10-13 23:58:50+00:00,1580709679906160640,1580709679906160640,Kanye‚Äôs antisemitism feels like one of the very rare moments in contemporary politics where I‚Äôm not seeing any American Jews on the right or left argue that it isn‚Äôt actually antisemitic. (Non-Jews are a different matter entirely.) That‚Äôs pretty rare these days.,False,"{'hashtags': [], 'symbols': [], 'user_mentions': [{'screen_name': 'jh_swanson', 'name': 'Joel S.', 'id': 2552688877, 'id_str': '2552688877', 'indices': [3, 14]}], 'urls': []}","{'iso_language_code': 'en', 'result_type': 'recent'}",Twitter for Android,0,33,aidansegal98
73,2022-10-13 23:58:50+00:00,1580709679436795904,1580709679436795904,"JP Morgan banned Kanye West from banking with them for things he said. 

But they did keep Jeffrey Epstein as a client despite being convicted of abusing children. 

ü§°ü§°ü§°",False,"{'hashtags': [], 'symbols': [], 'user_mentions': [{'screen_name': 'PeterSweden7', 'name': 'PeterSweden', 'id': 707231479047315456, 'id_str': '707231479047315456', 'indices': [3, 16]}], 'urls': []}","{'iso_language_code': 'en', 'result_type': 'recent'}",Twitter for iPhone,0,8094,robynsracing
74,2022-10-13 23:58:50+00:00,1580709678706659328,1580709678706659328,"Kanye West talking about how Bitcoiners are the true liberation of America with Joe Rogan in 2020
 https://t.co/8x6t8WvQ1V",False,"{'hashtags': [], 'symbols': [], 'user_mentions': [{'screen_name': 'BitcoinMagazine', 'name': 'Bitcoin Magazine', 'id': 361289499, 'id_str': '361289499', 'indices': [3, 19]}], 'urls': []}","{'iso_language_code': 'en', 'result_type': 'recent'}",Twitter Web App,0,659,Siriusbkid
75,2022-10-13 23:58:49+00:00,1580709673753542656,1580709673753542656,"JP Morgan banned Kanye West from banking with them for things he said. 

But they did keep Jeffrey Epstein as a client despite being convicted of abusing children. 

ü§°ü§°ü§°",False,"{'hashtags': [], 'symbols': [], 'user_mentions': [{'screen_name': 'PeterSweden7', 'name': 'PeterSweden', 'id': 707231479047315456, 'id_str': '707231479047315456', 'indices': [3, 16]}], 'urls': []}","{'iso_language_code': 'en', 'result_type': 'recent'}",Twitter for iPhone,0,8094,MrsWallersMom
76,2022-10-13 23:58:47+00:00,1580709669315616771,1580709669315616771,JUST IN: JPMorgan Chase says they're closing Kanye West's Yeezy bank account.,False,"{'hashtags': [], 'symbols': [], 'user_mentions': [{'screen_name': 'WatcherGuru', 'name': 'Watcher.Guru', 'id': 1387497871751196672, 'id_str': '1387497871751196672', 'indices': [3, 15]}], 'urls': []}","{'iso_language_code': 'en', 'result_type': 'recent'}",Twitter for Android,0,1701,Lihok_ph
77,2022-10-13 23:58:47+00:00,1580709667571105792,1580709667571105792,tweet.full_text,False,"{'hashtags': [], 'symbols': [], 'user_mentions': [{'screen_name': 'RealCandaceO', 'name': 'Candace Owens', 'id': 878247600096509952, 'id_str': '878247600096509952', 'indices': [22, 35]}], 'urls': []}","{'iso_language_code': 'en', 'result_type': 'recent'}",Twitter for iPhone,0,0,bigbodybrent
78,2022-10-13 23:58:46+00:00,1580709662546010112,1580709662546010112,tweet.full_text,False,"{'hashtags': [], 'symbols': [], 'user_mentions': [{'screen_name': 'YouTube', 'name': 'YouTube', 'id': 10228272, 'id_str': '10228272', 'indices': [93, 101]}], 'urls': [{'url': 'https://t.co/HNsUoul5YX', 'expanded_url': 'https://youtu.be/ZzFnHzsRVCg', 'display_url': 'youtu.be/ZzFnHzsRVCg', 'indices': [65, 88]}]}","{'iso_language_code': 'en', 'result_type': 'recent'}",Twitter for iPad,0,0,touchet47
79,2022-10-13 23:58:46+00:00,1580709662462074880,1580709662462074880,tweet.full_text,False,"{'hashtags': [], 'symbols': [], 'user_mentions': [], 'urls': []}","{'iso_language_code': 'en', 'result_type': 'recent'}",Twitter for iPhone,0,0,King_Bukka
80,2022-10-13 23:58:46+00:00,1580709661137068035,1580709661137068035,Here is your friendly reminder that JPMorgan closed Kanye West‚Äôs bank account but not Jeffrey Epstein‚Äôs.,False,"{'hashtags': [], 'symbols': [], 'user_mentions': [{'screen_name': 'MsBlaireWhite', 'name': 'BLAIRE WHITE', 'id': 4316769252, 'id_str': '4316769252', 'indices': [3, 17]}], 'urls': []}","{'iso_language_code': 'en', 'result_type': 'recent'}",Twitter for iPhone,0,6044,an_arocha
81,2022-10-13 23:58:46+00:00,1580709661044805632,1580709661044805632,"JP Morgan banned Kanye West from banking with them for things he said. 

But they did keep Jeffrey Epstein as a client despite being convicted of abusing children. 

ü§°ü§°ü§°",False,"{'hashtags': [], 'symbols': [], 'user_mentions': [{'screen_name': 'PeterSweden7', 'name': 'PeterSweden', 'id': 707231479047315456, 'id_str': '707231479047315456', 'indices': [3, 16]}], 'urls': []}","{'iso_language_code': 'en', 'result_type': 'recent'}",Twitter for iPhone,0,8094,chadleylinking
82,2022-10-13 23:58:43+00:00,1580709652060196864,1580709652060196864,"Monday: PayPal says they will fine people $2,500 for misinformation 

Wednesday: JPMorgan Chase shuts down Kanye West‚Äôs bank account

This is why they want a cashless society. We must reject it now before it‚Äôs too late.",False,"{'hashtags': [], 'symbols': [], 'user_mentions': [{'screen_name': 'EndWokeness', 'name': 'End Wokeness', 'id': 1552795969959636992, 'id_str': '1552795969959636992', 'indices': [3, 15]}], 'urls': []}","{'iso_language_code': 'en', 'result_type': 'recent'}",Twitter Web App,0,3787,vault0r
83,2022-10-13 23:58:42+00:00,1580709647866269697,1580709647866269697,tweet.full_text,False,"{'hashtags': [], 'symbols': [], 'user_mentions': [], 'urls': []}","{'iso_language_code': 'en', 'result_type': 'recent'}",Twitter for iPhone,0,0,aminatheartist
84,2022-10-13 23:58:41+00:00,1580709642719875072,1580709642719875072,Here is your friendly reminder that JPMorgan closed Kanye West‚Äôs bank account but not Jeffrey Epstein‚Äôs.,False,"{'hashtags': [], 'symbols': [], 'user_mentions': [{'screen_name': 'MsBlaireWhite', 'name': 'BLAIRE WHITE', 'id': 4316769252, 'id_str': '4316769252', 'indices': [3, 17]}], 'urls': []}","{'iso_language_code': 'en', 'result_type': 'recent'}",Twitter for Android,0,6044,north5555
85,2022-10-13 23:58:39+00:00,1580709632359952384,1580709632359952384,Weird how JPMorgan Chase closed Kanye West‚Äôs bank account but never Jeffrey Epstein‚Äôs.,False,"{'hashtags': [], 'symbols': [], 'user_mentions': [{'screen_name': 'CollinsforTX', 'name': 'Christian Collins', 'id': 2478913525, 'id_str': '2478913525', 'indices': [3, 16]}], 'urls': []}","{'iso_language_code': 'en', 'result_type': 'recent'}",Twitter for iPhone,0,9167,patk58
86,2022-10-13 23:58:37+00:00,1580709626668273664,1580709626668273664,kanye west / heartless https://t.co/0QfWbkdFHQ,False,"{'hashtags': [], 'symbols': [], 'user_mentions': [{'screen_name': 'thesadbaby', 'name': 'legendary quotes', 'id': 1264992884316610562, 'id_str': '1264992884316610562', 'indices': [3, 14]}], 'urls': [], 'media': [{'id': 1580437102474543104, 'id_str': '1580437102474543104', 'indices': [39, 62], 'media_url': 'http://pbs.twimg.com/media/Fe7XK9LXwAA8TFI.jpg', 'media_url_https': 'https://pbs.twimg.com/media/Fe7XK9LXwAA8TFI.jpg', 'url': 'https://t.co/0QfWbkdFHQ', 'display_url': 'pic.twitter.com/0QfWbkdFHQ', 'expanded_url': 'https://twitter.com/thesadbaby/status/1580592951423647747/photo/1', 'type': 'photo', 'sizes': {'thumb': {'w': 150, 'h': 150, 'resize': 'crop'}, 'small': {'w': 680, 'h': 554, 'resize': 'fit'}, 'medium': {'w': 842, 'h': 686, 'resize': 'fit'}, 'large': {'w': 842, 'h': 686, 'resize': 'fit'}}, 'source_status_id': 1580592951423647747, 'source_status_id_str': '1580592951423647747', 'source_user_id': 1264992884316610562, 'source_user_id_str': '1264992884316610562'}]}","{'iso_language_code': 'en', 'result_type': 'recent'}",Twitter for iPhone,0,155,YVZOMBI3
87,2022-10-13 23:58:37+00:00,1580709625334112256,1580709625334112256,"It‚Äôs hilarious seeing AOC and Bella Hadid claiming ‚Äúthere is no room for antisemitism‚Äù when it comes from a right wing celebrity, but they openly endorse calls for a Jewish genocide from the left. While Candace Owens claiming we‚Äôre ‚Äúmisquoting Kanye‚Äù because she‚Äôs also right wing",False,"{'hashtags': [], 'symbols': [], 'user_mentions': [{'screen_name': 'lilbuddymax', 'name': 'Max', 'id': 830592822168473601, 'id_str': '830592822168473601', 'indices': [3, 15]}], 'urls': []}","{'iso_language_code': 'en', 'result_type': 'recent'}",Twitter for iPad,0,38,exceptions
88,2022-10-13 23:58:36+00:00,1580709620900712448,1580709620900712448,"Monday: PayPal says they will fine people $2,500 for misinformation 

Wednesday: JPMorgan Chase shuts down Kanye West‚Äôs bank account

This is why they want a cashless society. We must reject it now before it‚Äôs too late.",False,"{'hashtags': [], 'symbols': [], 'user_mentions': [{'screen_name': 'EndWokeness', 'name': 'End Wokeness', 'id': 1552795969959636992, 'id_str': '1552795969959636992', 'indices': [3, 15]}], 'urls': []}","{'iso_language_code': 'en', 'result_type': 'recent'}",Twitter for Android,0,3787,PeteDKY
89,2022-10-13 23:58:35+00:00,1580709615112581120,1580709615112581120,tweet.full_text,False,"{'hashtags': [], 'symbols': [], 'user_mentions': [{'screen_name': 'TODAYshow', 'name': 'TODAY', 'id': 7744592, 'id_str': '7744592', 'indices': [0, 10]}], 'urls': []}","{'iso_language_code': 'en', 'result_type': 'recent'}",Twitter Web App,0,0,JovonnieB
90,2022-10-13 23:58:34+00:00,1580709611866243077,1580709611866243077,Weird how JPMorgan Chase closed Kanye West‚Äôs bank account but never Jeffrey Epstein‚Äôs.,False,"{'hashtags': [], 'symbols': [], 'user_mentions': [{'screen_name': 'CollinsforTX', 'name': 'Christian Collins', 'id': 2478913525, 'id_str': '2478913525', 'indices': [3, 16]}], 'urls': []}","{'iso_language_code': 'en', 'result_type': 'recent'}",Twitter for Android,0,9167,PeterBigBilly
91,2022-10-13 23:58:33+00:00,1580709609412886539,1580709609412886539,tweet.full_text,False,"{'hashtags': [], 'symbols': [], 'user_mentions': [], 'urls': [{'url': 'https://t.co/zBh2iOlbxD', 'expanded_url': 'http://dlvr.it/Sb2psx', 'display_url': 'dlvr.it/Sb2psx', 'indices': [76, 99]}]}","{'iso_language_code': 'en', 'result_type': 'recent'}",dlvr.it,0,0,OppBiz
92,2022-10-13 23:58:33+00:00,1580709606895980544,1580709606895980544,"JP Morgan banned Kanye West from banking with them for things he said. 

But they did keep Jeffrey Epstein as a client despite being convicted of abusing children. 

ü§°ü§°ü§°",False,"{'hashtags': [], 'symbols': [], 'user_mentions': [{'screen_name': 'PeterSweden7', 'name': 'PeterSweden', 'id': 707231479047315456, 'id_str': '707231479047315456', 'indices': [3, 16]}], 'urls': []}","{'iso_language_code': 'en', 'result_type': 'recent'}",Twitter Web App,0,8094,iEvangelize
93,2022-10-13 23:58:32+00:00,1580709605709344768,1580709605709344768,"""Down And Out"" Camron ft. Kanye West https://t.co/pGWB6VElII",False,"{'hashtags': [], 'symbols': [], 'user_mentions': [{'screen_name': 'robininthecar', 'name': 'Robin Bumping Hard Rap Songs In The Car', 'id': 1533412570283102208, 'id_str': '1533412570283102208', 'indices': [3, 17]}], 'urls': [], 'media': [{'id': 1571140103585538048, 'id_str': '1571140103585538048', 'indices': [56, 79], 'media_url': 'http://pbs.twimg.com/amplify_video_thumb/1571140103585538048/img/vdTlTeth_YBdYqX_.jpg', 'media_url_https': 'https://pbs.twimg.com/amplify_video_thumb/1571140103585538048/img/vdTlTeth_YBdYqX_.jpg', 'url': 'https://t.co/pGWB6VElII', 'display_url': 'pic.twitter.com/pGWB6VElII', 'expanded_url': 'https://twitter.com/robin_mp4/status/1580599494344851456/video/1', 'type': 'photo', 'sizes': {'thumb': {'w': 150, 'h': 150, 'resize': 'crop'}, 'large': {'w': 1920, 'h': 1082, 'resize': 'fit'}, 'medium': {'w': 1200, 'h': 676, 'resize': 'fit'}, 'small': {'w': 680, 'h': 383, 'resize': 'fit'}}, 'source_status_id': 1580599494344851456, 'source_status_id_str': '1580599494344851456', 'source_user_id': 1541146131589222400, 'source_user_id_str': '1541146131589222400'}]}","{'iso_language_code': 'en', 'result_type': 'recent'}",Twitter for iPhone,0,72,MikeBradley27
94,2022-10-13 23:58:30+00:00,1580709595131301888,1580709595131301888,at least im handling self destruction better than kanye,False,"{'hashtags': [], 'symbols': [], 'user_mentions': [{'screen_name': 'lilowch', 'name': 'owch', 'id': 1240727938649079808, 'id_str': '1240727938649079808', 'indices': [3, 11]}], 'urls': []}","{'iso_language_code': 'en', 'result_type': 'recent'}",Twitter for iPhone,0,6784,KevenNavas
95,2022-10-13 23:58:29+00:00,1580709590010068992,1580709590010068992,"JP Morgan banned Kanye West from banking with them for things he said. 

But they did keep Jeffrey Epstein as a client despite being convicted of abusing children. 

ü§°ü§°ü§°",False,"{'hashtags': [], 'symbols': [], 'user_mentions': [{'screen_name': 'PeterSweden7', 'name': 'PeterSweden', 'id': 707231479047315456, 'id_str': '707231479047315456', 'indices': [3, 16]}], 'urls': []}","{'iso_language_code': 'en', 'result_type': 'recent'}",Twitter for iPhone,0,8094,issy_victory
96,2022-10-13 23:58:29+00:00,1580709589946753024,1580709589946753024,tweet.full_text,False,"{'hashtags': [], 'symbols': [], 'user_mentions': [{'screen_name': 'SpiritofPines', 'name': 'Spooky Pine Baron', 'id': 3060230487, 'id_str': '3060230487', 'indices': [0, 14]}, {'screen_name': 'jakeshieldsajj', 'name': 'Jake Shields', 'id': 80233893, 'id_str': '80233893', 'indices': [15, 30]}], 'urls': []}","{'iso_language_code': 'en', 'result_type': 'recent'}",Twitter for iPhone,1,0,potato_rude
97,2022-10-13 23:58:27+00:00,1580709583340728328,1580709583340728328,tweet.full_text,False,"{'hashtags': [], 'symbols': [], 'user_mentions': [{'screen_name': 'highsnobiety', 'name': 'highsnobiety.eth', 'id': 11319582, 'id_str': '11319582', 'indices': [0, 13]}], 'urls': []}","{'iso_language_code': 'en', 'result_type': 'recent'}",Twitter for iPhone,0,0,akashicdaddy
98,2022-10-13 23:58:21+00:00,1580709560192753665,1580709560192753665,Maverick Carter was in the shop listening to Kanye like https://t.co/X93g0IKdsc,False,"{'hashtags': [], 'symbols': [], 'user_mentions': [{'screen_name': 'TraeK_', 'name': 'Future Of The Retro', 'id': 26062840, 'id_str': '26062840', 'indices': [3, 10]}], 'urls': [], 'media': [{'id': 1552893539297595392, 'id_str': '1552893539297595392', 'indices': [68, 91], 'media_url': 'http://pbs.twimg.com/ext_tw_video_thumb/1552893539297595392/pu/img/8SWQY5GEaimo6GVh.jpg', 'media_url_https': 'https://pbs.twimg.com/ext_tw_video_thumb/1552893539297595392/pu/img/8SWQY5GEaimo6GVh.jpg', 'url': 'https://t.co/X93g0IKdsc', 'display_url': 'pic.twitter.com/X93g0IKdsc', 'expanded_url': 'https://twitter.com/findareaction/status/1552893560822697984/video/1', 'type': 'photo', 'sizes': {'thumb': {'w': 150, 'h': 150, 'resize': 'crop'}, 'medium': {'w': 1200, 'h': 684, 'resize': 'fit'}, 'small': {'w': 680, 'h': 387, 'resize': 'fit'}, 'large': {'w': 1264, 'h': 720, 'resize': 'fit'}}, 'source_status_id': 1552893560822697984, 'source_status_id_str': '1552893560822697984', 'source_user_id': 1325242980098338816, 'source_user_id_str': '1325242980098338816'}]}","{'iso_language_code': 'en', 'result_type': 'recent'}",Twitter for Android,0,1,benewing24
99,2022-10-13 23:58:20+00:00,1580709552147689473,1580709552147689473,Weird how JPMorgan Chase closed Kanye West‚Äôs bank account but never Jeffrey Epstein‚Äôs.,False,"{'hashtags': [], 'symbols': [], 'user_mentions': [{'screen_name': 'CollinsforTX', 'name': 'Christian Collins', 'id': 2478913525, 'id_str': '2478913525', 'indices': [3, 16]}], 'urls': []}","{'iso_language_code': 'en', 'result_type': 'recent'}",Twitter for Android,0,9167,PeteDKY
